,x,y,t0med,t1med,t3med,t5med,t0ci1,t1ci1,t3ci1,t5ci1,t0ci2,t1ci2,t3ci2,t5ci2
1,Psoriasis,Depression,1.246798531,1.23828771,1.162276765,1.178881527,1.204247573,1.210161226,1.122584517,1.11595117,1.294434407,1.267388592,1.202692433,1.262806735
2,Psoriasis,Anxiety,1.225925582,1.199341915,1.135317973,1.090014939,1.17696811,1.16661735,1.100036577,1.021111154,1.267523881,1.229664796,1.180543335,1.153896754
3,Eczema,Depression,1.093053347,1.136184973,1.094367688,1.065668082,1.064776107,1.11802658,1.070205029,1.017684745,1.12377043,1.151523385,1.121130812,1.113505157
4,Eczema,Anxiety,1.147713883,1.171373664,1.124239161,1.092828231,1.113366294,1.15286011,1.098563596,1.043473766,1.175436233,1.193584261,1.153125088,1.140467223