exp,out,pyears,events,rate_exposed,rate_exposed_CI,hr,hr_CI,rate_unexposed,rate_unexposed_CI,rate_diff,rate_diff_CI
psoriasis,anxiety,20.120680780287472,28808,1431.7607000764915,1419.6 - 1444.6,1.2426717045733087,1.23 - 1.26,1152.1632743445377,1134.2 - 1171.2,279.59742573195376,263.5 - 295.4
psoriasis,depression,18.285261266255986,36365,1988.7602080430074,1972.9 - 2004.4,1.3059500959520753,1.29 - 1.32,1522.845485602682,1500.6 - 1545.3,465.9147224403255,445.6 - 485.3
eczema,anxiety,51.14060492813143,83755,1637.7397200854782,1629.3 - 1646.5,1.2316582682975457,1.22 - 1.24,1329.7030209111792,1316.5 - 1342.6,308.036699174299,296.8 - 319.7
eczema,depression,46.574709965776876,99768,2142.1067371822514,2131.8 - 2152.5,1.197039720292123,1.19 - 1.21,1789.503473334616,1773.6 - 1805.6,352.6032638476354,338.5 - 366.6
