exp,out,pyears,events,rate_exposed,rate_exposed_CI,hr,hr_CI,rate_unexposed,rate_unexposed_CI,rate_diff,rate_diff_CI
psoriasis,anxiety,20.12068078,28808,1431.7607,1419.1 - 1444.2,1.242671705,1.23 - 1.26,1152.163274,1133.1 - 1171,279.5974257,263.4 - 296
psoriasis,depression,18.28526127,36365,1988.760208,1973 - 2004.8,1.305950096,1.29 - 1.32,1522.845486,1500.3 - 1545.9,465.9147224,273.1 - 484.6
eczema,anxiety,51.14060493,83755,1637.73972,1629.3 - 1646.3,1.231658268,1.22 - 1.24,1329.703021,1316.5 - 1343.2,308.0366992,273.1 - 318.8
eczema,depression,46.57470997,99768,2142.106737,2131.6 - 2152.1,1.19703972,1.19 - 1.21,1789.503473,1772.9 - 1806.4,352.6032638,273.1 - 366.4